<?xml version="1.0" encoding="UTF-8"?>
<codeBook xsi:schemaLocation="ddi:codebook:2_5 http://www.ddialliance.org/Specification/DDI-Codebook/2.5/XMLSchema/codebook.xsd" version="2.5" xmlns="ddi:codebook:2_5" xmlns:xsi="http://www.w3.org/2001/XMLSchema-instance">
	<docDscr>
		<citation>
			<titlStmt>
				<titl>DDI2.5 XML CODEBOOK</titl>
			</titlStmt>
		</citation>
	</docDscr>
	<stdyDscr>
		<citation>
			<titlStmt>
				<titl>CDRC 2011 Census Data Packs for Local Authority District: Camden (E09000007)
				</titl>
				<altTitl/>
			</titlStmt>
			<rspStmt>
				<AuthEnty>Alex Singleton, University of Liverpool</AuthEnty>
				<AuthEnty>Michalis Pavlis, University of Liverpool</AuthEnty>
				<othId/>
			</rspStmt>
			<prodStmt>
				<producer>ESRC Consumer Data Research Centre </producer>
				<copyright>The following attribution statements must be used to acknowledge ONS and OS copyright and source in use of these datasets:
             Contains National Statistics data Crown copyright and database right 2015;
             Contains Ordnance Survey data Crown copyright and database right 2015</copyright>
				<fundAg>Economic and Social Research Council</fundAg>
				<grantNo>ES/L011840/1</grantNo>
			</prodStmt>
			<distStmt>
				<depositr>Alex Singleton, University of Liverpool</depositr>
				<distDate></distDate>
			</distStmt>
			<serStmt>
				<serName>CDRC 2011 Census Data Packs</serName>
			</serStmt>
			<verStmt>
				<version></version>
			</verStmt>
		</citation>
		<stdyInfo>
			<subject>
				<keyword>Census</keyword>
				<keyword>2011</keyword>
				<keyword>E09000007</keyword>
				
				<topcClas>Transport</topcClas>

				<topcClas>Health</topcClas>

				<topcClas>Ethnicity</topcClas>

				<topcClas>Energy</topcClas>

				<topcClas>Demographics</topcClas>

				<topcClas>Housing</topcClas>
			</subject>
			<abstract>This census data pack provides 2011 Census estimates for the 'Key Statistic' and 'Quick Statistic' tables within the Local Authority District: Camden (E09000007) at the Output Area, Lower Super Output Area and Middle Super Output Area scale. The estimates are as at census day, 27 March 2011.
			</abstract>
			<sumDscr>
				<timePrd>2011</timePrd>
				<collDate>27/03/11</collDate>
				<nation>England</nation>
				
				<geogCover>Camden</geogCover>
				
				<geogUnit>Output Area</geogUnit>

				<geogUnit>Lower Super Output Area</geogUnit>

				<geogUnit>Middle Super Output Area</geogUnit>
				
				<anlyUnit>Area</anlyUnit>

				<anlyUnit>Household</anlyUnit>

				<anlyUnit>Person</anlyUnit>
				<universe/>
				<dataKind>Count</dataKind>
				<dataKind>Sum</dataKind>
				<dataKind>Ratio</dataKind>
				<dataKind>Percent</dataKind>
			</sumDscr>
		</stdyInfo>
		<method>
			<dataColl>
				<timeMeth/>
				<dataCollector>Office for National Statistics</dataCollector>
				<dataCollector>Ordnance Survey</dataCollector>
				<sampProc/>
				<deviat/>
				<collMode/>
				<sources>
					<dataSrc>Census 2011</dataSrc>
				</sources>
				<weight/>
			</dataColl>
		</method>
		<dataAccs>
			<setAvail>
				<accsPlac>Consumer Data Research Centre</accsPlac>
				<accsPlac>UK Data Service</accsPlac>
			</setAvail>
			<useStmt>
				<restrctn/>
				<contact>data@cdrc.ac.uk</contact>
			</useStmt>
		</dataAccs>
		<othrStdyMat>
			<relStdy/>
			<relPubl></relPubl>
			<othRefs/>
		</othrStdyMat>
	</stdyDscr>
</codeBook>
